Jay ughade,         jay.ughade@gmail.com,         123  
Yash telkhade,     yash.telkhade@gmail.com,     123  
Ameya salukhe,       ameya.salukhe@gmail.com,       123  
Kedar sathe,   kedar.sathe@gmail.com,   123  
Aditya walse,     aditya.walse@gmail.com,     123  
varun patil,        varun.patil@gmail.com,        1234
